{
  "accuracy": 0.9333333333333333,
  "precision_macro": 0.9333333333333332,
  "recall_macro": 0.9333333333333332,
  "classification_report": {
    "setosa": {
      "precision": 1.0,
      "recall": 1.0,
      "f1-score": 1.0,
      "support": 10.0
    },
    "versicolor": {
      "precision": 0.9,
      "recall": 0.9,
      "f1-score": 0.9,
      "support": 10.0
    },
    "virginica": {
      "precision": 0.9,
      "recall": 0.9,
      "f1-score": 0.9,
      "support": 10.0
    },
    "accuracy": 0.9333333333333333,
    "macro avg": {
      "precision": 0.9333333333333332,
      "recall": 0.9333333333333332,
      "f1-score": 0.9333333333333332,
      "support": 30.0
    },
    "weighted avg": {
      "precision": 0.9333333333333333,
      "recall": 0.9333333333333333,
      "f1-score": 0.9333333333333333,
      "support": 30.0
    }
  },
  "sample_predictions": {
    "38": {
      "true": "setosa",
      "pred": "setosa"
    },
    "127": {
      "true": "virginica",
      "pred": "virginica"
    },
    "57": {
      "true": "versicolor",
      "pred": "versicolor"
    },
    "93": {
      "true": "versicolor",
      "pred": "versicolor"
    },
    "42": {
      "true": "setosa",
      "pred": "setosa"
    }
  }
}